long,str,None,None,None,None,None,None,None,str,None,None,None,None,None,None,None,flags,
1,"знаходитися поруч з ковадлом",,,,,,,,"знаходитися поруч з ковадлом",,,,,,,,0xFF01FE,
2,"знаходитися поруч з ткацьким станком",,,,,,,,"знаходитися поруч з ткацьким станком",,,,,,,,0xFF01FE,
3,"знаходитися поруч з горном",,,,,,,,"знаходитися поруч з горном",,,,,,,,0xFF01FE,
4,"знаходитися поруч з вогнищем для приготування їжі",,,,,,,,"знаходитися поруч з вогнищем для приготування їжі",,,,,,,,0xFF01FE,
5,"знаходитися поруч з кристалами Мізраелі",,,,,,,,"знаходитися поруч з кристалами Мізраелі",,,,,,,,0xFF01FE,
6,"знаходитися поруч з Колодязем Зимового Копита",,,,,,,,"знаходитися поруч з Колодязем Зимового Копита",,,,,,,,0xFF01FE,
7,"знаходитися поруч з Колодязем Громового Роги",,,,,,,,"знаходитися поруч з Колодязем Громового Роги",,,,,,,,0xFF01FE,
8,"знаходитися поруч з Колодязем Буйногривих",,,,,,,,"знаходитися поруч з Колодязем Буйногривих",,,,,,,,0xFF01FE,
9,"знаходитися поруч з багаттям племені",,,,,,,,"знаходитися поруч з багаттям племені",,,,,,,,0xFF01FE,
10,"знаходитися в Механічній майстерні",,,,,,,,"знаходитися в Механічній майстерні",,,,,,,,0xFF01FE,
11,"знаходитися біля Місячного колодязя Тенистой долини",,,,,,,,"знаходитися біля Місячного колодязя Тенистой долини",,,,,,,,0xFF01FE,
12,"знаходитися біля місячного колодязя Села Зоряного Вітру",,,,,,,,"знаходитися біля місячного колодязя Села Зоряного Вітру",,,,,,,,0xFF01FE,
13,"знаходитися поруч з Місячним Колодязем Арлитриэнских Прудов",,,,,,,,"знаходитися поруч з Місячним Колодязем Арлитриэнских Прудов",,,,,,,,0xFF01FE,
14,"знаходитися біля Місячного колодязя Поляни Оракула",,,,,,,,"знаходитися біля Місячного колодязя Поляни Оракула",,,,,,,,0xFF01FE,
15,"знаходитися в аеропорту Торгової Компанії",,,,,,,,"знаходитися в аеропорту Торгової Компанії",,,,,,,,0xFF01FE,
16,"знаходитися поруч з фургоном Торгової Компанії (Синій)",,,,,,,,"знаходитися поруч з фургоном Торгової Компанії (Синій)",,,,,,,,0xFF01FE,
17,"знаходитися поруч з фургоном Торгової Компанії (Червоний)",,,,,,,,"знаходитися поруч з фургоном Торгової Компанії (Червоний)",,,,,,,,0xFF01FE,
18,"знаходитися поруч з вибухівкою НГ-5 (червона)",,,,,,,,"знаходитися поруч з вибухівкою НГ-5 (червона)",,,,,,,,0xFF01FE,
19,"знаходитися поруч з вибухівкою НГ-5 (синя)",,,,,,,,"знаходитися поруч з вибухівкою НГ-5 (синя)",,,,,,,,0xFF01FE,
20,"знаходитися поруч з Полум'ям Узеля",,,,,,,,"знаходитися поруч з Полум'ям Узеля",,,,,,,,0xFF01FE,
21,"знаходитися біля Місячного колодязя Ясеневого лісу",,,,,,,,"знаходитися біля Місячного колодязя Ясеневого лісу",,,,,,,,0xFF01FE,
22,"знаходитися біля вівтаря, сточеного морем",,,,,,,,"знаходитися біля вівтаря, сточеного морем",,,,,,,,0xFF01FE,
23,"знаходитися біля клубнів",,,,,,,,"знаходитися біля клубнів",,,,,,,,0xFF01FE,
43,"знаходитися в колі виклику Підміста",,,,,,,,"знаходитися в колі виклику Підміста",,,,,,,,0xFF01FE,
63,"знаходитися в шаманському святилищі",,,,,,,,"знаходитися в шаманському святилищі",,,,,,,,0xFF01FE,
83,"знаходитися в Колі Призову Штормграду",,,,,,,,"знаходитися в Колі Призову Штормграду",,,,,,,,0xFF01FE,
103,"знаходитися в Колі Призову Степей",,,,,,,,"знаходитися в Колі Призову Степей",,,,,,,,0xFF01FE,
123,"знаходитися біля водопада Зеркального озера",,,,,,,,"знаходитися біля водопада Зеркального озера",,,,,,,,0xFF01FE,
143,"знаходитися в Логове Кігтя",,,,,,,,"знаходитися в Логове Кігтя",,,,,,,,0xFF01FE,
163,"знаходитися поруч з Ксавіанським водоспадом",,,,,,,,"знаходитися поруч з Ксавіанським водоспадом",,,,,,,,0xFF01FE,
164,"знаходитися біля Каменя Зовнішнього Кола",,,,,,,,"знаходитися біля Каменя Зовнішнього Кола",,,,,,,,0xFF01FE,
183,"знаходитися поруч з обуренням провалу мани",,,,,,,,"знаходитися поруч з обуренням провалу мани",,,,,,,,0xFF01FE,
203,"знаходитися в Колі Призову Оргріммару",,,,,,,,"знаходитися в Колі Призову Оргріммару",,,,,,,,0xFF01FE,
223,"знаходитися поруч з фонтаном Зловісної Луски",,,,,,,,"знаходитися поруч з фонтаном Зловісної Луски",,,,,,,,0xFF01FE,
224,"знаходитися біля голкогривого водопою",,,,,,,,"знаходитися біля голкогривого водопою",,,,,,,,0xFF01FE,
225,"Чистота води - Ліс Сріблястих Сосен",,,,,,,,"Чистота води - Ліс Сріблястих Сосен",,,,,,,,0xFF01FE,
226,"знаходитися біля Колодязя Джерела",,,,,,,,"знаходитися біля Колодязя Джерела",,,,,,,,0xFF01FE,
243,"знаходитися біля фонтану Храма Місяця",,,,,,,,"знаходитися біля фонтану Храма Місяця",,,,,,,,0xFF01FE,
263,"знаходитися біля вівтаря Джинта'Алора",,,,,,,,"знаходитися біля вівтаря Джинта'Алора",,,,,,,,0xFF01FE,
264,"знаходитися поруч з днищем піратського судна",,,,,,,,"знаходитися поруч з днищем піратського судна",,,,,,,,0xFF01FE,
283,"знаходитися біля Моноліту Рівнодення",,,,,,,,"знаходитися біля Моноліту Рівнодення",,,,,,,,0xFF01FE,
303,"знаходитися в Селищі Сухошкірих",,,,,,,,"знаходитися в Селищі Сухошкірих",,,,,,,,0xFF01FE,
304,"знаходитися біля вівтаря Шадра'Алора",,,,,,,,"знаходитися біля вівтаря Шадра'Алора",,,,,,,,0xFF01FE,
323,"знаходитися біля водяної свердловини Застави Скорботних Пісків",,,,,,,,"знаходитися біля водяної свердловини Застави Скорботних Пісків",,,,,,,,0xFF01FE,
343,"знаходитися біля каменів Кігтя Ненависти",,,,,,,,"знаходитися біля каменів Кігтя Ненависти",,,,,,,,0xFF01FE,
363,"знаходитися в Логові Ічиаки",,,,,,,,"знаходитися в Логові Ічиаки",,,,,,,,0xFF01FE,
383,"знаходитися біля Мертвого Дерева",,,,,,,,"знаходитися біля Мертвого Дерева",,,,,,,,0xFF01FE,
403,"знаходитися на тимчасовому посадковому майданчику",,,,,,,,"знаходитися на тимчасовому посадковому майданчику",,,,,,,,0xFF01FE,
423,"знаходитися в колі Аквамонтоса",,,,,,,,"знаходитися в колі Аквамонтоса",,,,,,,,0xFF01FE,
424,"знаходитися в Святилищі Занепалого Бога",,,,,,,,"знаходитися в Святилищі Занепалого Бога",,,,,,,,0xFF01FE,
443,"знаходитися біля першої приливної заплави",,,,,,,,"знаходитися біля першої приливної заплави",,,,,,,,0xFF01FE,
444,"знаходитися біля Второй приливної заплави",,,,,,,,"знаходитися біля Второй приливної заплави",,,,,,,,0xFF01FE,
445,"знаходитися біля третей приливної заплави",,,,,,,,"знаходитися біля третей приливної заплави",,,,,,,,0xFF01FE,
446,"знаходитися біля Четвертой приливної заплави",,,,,,,,"знаходитися біля Четвертой приливной заводи",,,,,,,,0xFF01FE,
463,"знаходитися в Інкубаторі Улля Горіші",,,,,,,,"знаходитися в Інкубаторі Улля Горіші",,,,,,,,0xFF01FE,
483,"знаходитися біля Міблона РикозубаМіблона Рикозуба",,,,,,,,"знаходитися біля Міблона РикозубаМіблона Рикозуба",,,,,,,,0xFF01FE,
503,"знаходитися на кладовищі Гаджетзану",,,,,,,,"знаходитися на кладовищі Гаджетзану",,,,,,,,0xFF01FE,
523,"знаходитися серед руїн Залізнолісся",,,,,,,,"знаходитися серед руїн Залізнолісся",,,,,,,,0xFF01FE,
543,"знаходитися біля Чорної кузні",,,,,,,,"знаходитися біля Чорної кузні",,,,,,,,0xFF01FE,
563,"знаходитися в кратері Голакка",,,,,,,,"знаходитися в кратері Голакка",,,,,,,,0xFF01FE,
583,"знаходитися біля Гробниці Сімох",,,,,,,,"знаходитися біля Гробниці Сімох",,,,,,,,0xFF01FE,
603,"знаходитися біля плоской скелі Ун'Горо",,,,,,,,"знаходитися біля плоской скелі Ун'Горо",,,,,,,,0xFF01FE,
604,"знаходитися біля высохшего трупа жорсткозуба",,,,,,,,"знаходитися біля высохшего трупа жорсткозуба",,,,,,,,0xFF01FE,
623,"знаходитися біля Чорного ковадла",,,,,,,,"знаходитися біля Чорного ковадла",,,,,,,,0xFF01FE,
643,"знаходитися біля кристалу горишського силітиду",,,,,,,,"знаходитися біля кристалу горишського силітиду",,,,,,,,0xFF01FE,
644,"знаходитися біля оскверненого Місячного колодязя",,,,,,,,"знаходитися біля оскверненого Місячного колодязя",,,,,,,,0xFF01FE,
663,"знаходитися в Алхимічній лабораторії",,,,,,,,"знаходитися в Алхимічній лабораторії",,,,,,,,0xFF01FE,
683,"мати при собі нековану печатку піднесення",,,,,,,,"мати при собі нековану печатку піднесення",,,,,,,,0xFF01FE,
703,"знаходитися біля Місячного колодязя Аубердина",,,,,,,,"знаходитися біля Місячного колодязя Аубердина",,,,,,,,0xFF01FE,
704,"знаходитися біля великого північного багаття чорнолісного фурболга",,,,,,,,"знаходитися біля великого північного багаття чорнолісного фурболга",,,,,,,,0xFF01FE,
705,"знаходитися біля водопада ріки Скелястої",,,,,,,,"знаходитися біля водопада ріки Скелястої",,,,,,,,0xFF01FE,
723,"знаходитися в гарячій точці Вулкана Вогняного Вінця",,,,,,,,"знаходитися в гарячій точці Вулкана Вогняного Вінця",,,,,,,,0xFF01FE,
743,"знаходитися біля груди приношень Арроку",,,,,,,,"знаходитися біля груди приношень Арроку",,,,,,,,0xFF01FE,
763,"знаходитися поруч з андоральською часовою аномалією",,,,,,,,"знаходитися поруч з андоральською часовою аномалією",,,,,,,,0xFF01FE,
783,"знаходитися біля каменя Ши-Ротам",,,,,,,,"знаходитися біля каменя Ши-Ротам",,,,,,,,0xFF01FE,
803,"знаходитися біля Священного вогню Життя",,,,,,,,"знаходитися біля Священного вогню Життя",,,,,,,,0xFF01FE,
804,"знаходитися у передовому таборі Багряного ордену",,,,,,,,"знаходитися у передовому таборі Багряного ордену",,,,,,,,0xFF01FE,
805,"знаходитися біля Вежі Андорала",,,,,,,,"знаходитися біля Вежі Андорала",,,,,,,,0xFF01FE,
823,"знаходитися в Оглядовій Некроситета",,,,,,,,"знаходитися в Оглядовій Некроситета",,,,,,,,0xFF01FE,
843,"знаходитися поруч з опороченим Місячним Колодязем в Джеденаре",,,,,,,,"знаходитися поруч з опороченим Місячним Колодязем в Джеденаре",,,,,,,,0xFF01FE,
863,"знаходитися поруч з другом Уми",,,,,,,,"знаходитися поруч з другом Уми",,,,,,,,0xFF01FE,
883,"знаходитися біля Місячного колодязя",,,,,,,,"знаходитися біля Місячного колодязя",,,,,,,,0xFF01FE,
903,"знаходитися біля лавового озера Вулкана Вогняного Вінця",,,,,,,,"знаходитися біля лавового озера Вулкана Вогняного Вінця",,,,,,,,0xFF01FE,
923,"знаходитися поруч з ящиком в центрі лісопилки Північного Кряжа",,,,,,,,"знаходитися поруч з ящиком в центрі лісопилки Північного Кряжа",,,,,,,,0xFF01FE,
943,"знаходитися поруч з каменем місячного совуха",,,,,,,,"знаходитися поруч з каменем місячного совуха",,,,,,,,0xFF01FE,
944,"знаходитися на місцевій площі Дарроушира",,,,,,,,"знаходитися на місцевій площі Дарроушира",,,,,,,,0xFF01FE,
963,"знаходитися поруч з ярким лучом світла",,,,,,,,"знаходитися поруч з ярким лучом світла",,,,,,,,0xFF01FE,
983,"знаходитися біля знака Вибуху",,,,,,,,"знаходитися біля знака Вибуху",,,,,,,,0xFF01FE,
1003,"знаходитися біля зева печери водопуду Скелястий",,,,,,,,"знаходитися біля зева печери водопуду Скелястий",,,,,,,,0xFF01FE,
1004,"знаходитися поруч з Ставом Вершини Багряного Тумана",,,,,,,,"знаходитися поруч з Ставом Вершини Багряного Тумана",,,,,,,,0xFF01FE,
1023,"знаходитися між Мертвих Гігантів",,,,,,,,"знаходитися між Мертвих Гігантів",,,,,,,,0xFF01FE,
1043,"знаходитися в Святилищі Ремула",,,,,,,,"знаходитися в Святилищі Ремула",,,,,,,,0xFF01FE,
1063,"знаходитися на тотемному кургані Гіблої Чащі",,,,,,,,"знаходитися на тотемному кургані Гіблої Чащі",,,,,,,,0xFF01FE,
1083,"знаходитися біля Зловісного ставка",,,,,,,,"знаходитися біля Злівісного ставка",,,,,,,,0xFF01FE,
1103,"знаходитися поруч з Порталом Мародона",,,,,,,,"знаходитися поруч з Порталом Мародона",,,,,,,,0xFF01FE,
1123,"знаходитися біля магічної кулі Орди",,,,,,,,"знаходитися біля магічної кулі Орди",,,,,,,,0xFF01FE,
1143,"знаходитися біля Східного кратера",,,,,,,,"знаходитися біля Східного кратера",,,,,,,,0xFF01FE,
1144,"знаходитися в Західному кратері",,,,,,,,"знаходитися в Західному кратері",,,,,,,,0xFF01FE,
1145,"знаходитися на Кладовищі Снігопаду",,,,,,,,"знаходитися на Кладовищі Снігопаду",,,,,,,,0xFF01FE,
1163,"знаходитися поруч з магічною кулею Альянсу",,,,,,,,"знаходитися поруч з магічною кулею Альянсу",,,,,,,,0xFF01FE,
1164,"знаходитися у Внутрішньому дворі Дун Болдара",,,,,,,,"знаходитися у Внутрішньому дворі Дун Болдара",,,,,,,,0xFF01FE,
1165,"знаходитися у Внутрішньому дворі Фортеці Сніжного Вовка",,,,,,,,"знаходитися у Внутрішньому дворі Фортеці Сніжного Вовка",,,,,,,,0xFF01FE,
1183,"знаходитися на Кладовищі Снігопаду",,,,,,,,"знаходитися на Кладовищі Снігопаду",,,,,,,,0xFF01FE,
1184,"знаходитися в Східному кратері",,,,,,,,"знаходитися в Східному кратері",,,,,,,,0xFF01FE,
1185,"знаходитися в Західному кратері",,,,,,,,"знаходитися в Західному кратері",,,,,,,,0xFF01FE,
1203,"знаходитися поруч з Помаранчевим ставком",,,,,,,,"знаходитися поруч з Помаранчевим ставком",,,,,,,,0xFF01FE,
1223,"полум'яне дихання Оніксії",,,,,,,,"полум'яне дихання Оніксії",,,,,,,,0xFF01FE,
1243,"знаходитися поруч з рештками Крошиуса",,,,,,,,"знаходитися поруч з рештками Крошиуса",,,,,,,,0xFF01FE,
1263,"знаходитися біля постаменту Безсмер'тера",,,,,,,,"знаходитися біля постаменту Безсмер'тера",,,,,,,,0xFF01FE,
1264,"знаходитися в Колі Призову Темряви",,,,,,,,"знаходитися в Колі Призову Темряви",,,,,,,,0xFF01FE,
1283,"знаходитися у Головному склепі",,,,,,,,"знаходитися у Головному склепі",,,,,,,,0xFF01FE,
1284,"знаходитися поруч з неприкаянним духом Долини Жаху",,,,,,,,"знаходитися поруч з неприкаянним духом Долини Жаху",,,,,,,,0xFF01FE,
1303,"знаходитися в центрі міста Захмарного Піку",,,,,,,,"знаходитися в центрі міста Захмарного Піку",,,,,,,,0xFF01FE,
1323,"знаходитися біля надгробної статуї Утера",,,,,,,,"знаходитися біля надгробної статуї Утера",,,,,,,,0xFF01FE,
1324,"знаходитися біля пам'ятника Грому",,,,,,,,"знаходитися біля пам'ятника Грому",,,,,,,,0xFF01FE,
1343,"знаходитися на Стоянці Пегла",,,,,,,,"знаходитися на Стоянці Пегла",,,,,,,,0xFF01FE,
1344,"знаходитися біля вівтаря Занзи",,,,,,,,"знаходитися біля вівтаря Занзи",,,,,,,,0xFF01FE,
1345,"знаходитися на Південне Узбережжя",,,,,,,,"знаходитися на Південне Узбережжя",,,,,,,,0xFF01FE,
1346,"знаходитися поруч з кістками Граккаронда",,,,,,,,"знаходитися поруч з кістками Граккаронда",,,,,,,,0xFF01FE,
1347,"знаходитися поруч з бомбой-вонючкой Покинутих",,,,,,,,"знаходитися поруч з бомбой-вонючкой Покинутих",,,,,,,,0xFF01FE,
1348,"знаходитися біля точки зкидання",,,,,,,,"знаходитися біля точки зкидання",,,,,,,,0xFF01FE,
1349,"знаходитися поруч з Виром",,,,,,,,"знаходитися поруч з Виром",,,,,,,,0xFF01FE,
1350,"знаходитися біля входу в пещеру верховного вождя клану Зимової Сплячки",,,,,,,,"знаходитися біля входу в пещеру верховного вождя клану Зимової Сплячки",,,,,,,,0xFF01FE,
1351,"знаходитися біля пускової установки для феєрверків",,,,,,,,"знаходитися біля пускової установки для феєрверків",,,,,,,,0xFF01FE,
1352,"знаходитися поруч з пусковою установкою для связок феєрверків",,,,,,,,"знаходитися поруч з пусковою установкою для связок феєрверків",,,,,,,,0xFF01FE,
1353,"знаходитися в колі місячного світла",,,,,,,,"знаходитися в колі місячного світла",,,,,,,,0xFF01FE,
1354,"знаходитися в Логові Вуна",,,,,,,,"знаходитися в Логові Вуна",,,,,,,,0xFF01FE,
1355,"знаходитися в Чортозі Аззліна",,,,,,,,"знаходитися в Чортозі Аззліна",,,,,,,,0xFF01FE,
1356,"знаходитися біля Кривавого трона",,,,,,,,"знаходитися біля Кривавого трона",,,,,,,,0xFF01FE,
1357,"знаходитися в чортозі Раси Крижаного Шепіту",,,,,,,,"знаходитися в чортозі Раси Крижаного Шепіту",,,,,,,,0xFF01FE,
1358,"знаходитися в Чортозі Зверя",,,,,,,,"знаходитися в Чортозі Зверя",,,,,,,,0xFF01FE,
1359,"знаходитися в місці, відвідуваному примарами",,,,,,,,"знаходитися в місці, відвідуваному примарами",,,,,,,,0xFF01FE,
1360,"знаходитися на арені глибин Чорної скелі",,,,,,,,"знаходитися на арені глибин Чорної скелі",,,,,,,,0xFF01FE,
1361,"[PH] Кришталеве Тіло",,,,,,,,"[PH] Кришталеве Тіло",,,,,,,,0xFF01FE,
1362,"знаходитися біля Ковадла Крижаного гуркоту",,,,,,,,"знаходитися біля Ковадла Крижаного гуркоту",,,,,,,,0xFF01FE,
1363,"знаходитися біля рунного каменя Вічної Пісні",,,,,,,,"знаходитися біля рунного каменя Вічної Пісні",,,,,,,,0xFF01FE,
1364,"знаходитися на освяченной землі",,,,,,,,"знаходитися на освяченной землі",,,,,,,,0xFF01FE,
1365,"знаходитися біля багаття свята Літнього Сонцестояння",,,,,,,,"знаходитися біля багаття свята Літнього Сонцестояння",,,,,,,,0xFF01FE,
1366,"знаходитися біля майского шеста",,,,,,,,"знаходитися біля майского шеста",,,,,,,,0xFF01FE,
1367,"знаходитися біля Алтаря Аггонара",,,,,,,,"знаходитися біля Алтаря Аггонара",,,,,,,,0xFF01FE,
1368,"знаходитися поруч з кістками Аггонара",,,,,,,,"знаходитися поруч з кістками Аггонара",,,,,,,,0xFF01FE,
1369,"знаходитися поруч з косяком червоного луціана",,,,,,,,"знаходитися поруч з косяком червоного луціана",,,,,,,,0xFF01FE,
1370,"знаходитися біля трупа Круна Хребтолома",,,,,,,,"знаходитися біля трупа Круна Хребтолома",,,,,,,,0xFF01FE,
1371,"знаходитися біля Місячного колодязя Таланаара",,,,,,,,"знаходитися біля Місячного колодязя Таланаара",,,,,,,,0xFF01FE,
1372,"знаходитися поруч з прихованим пультом керування",,,,,,,,"знаходитися поруч з прихованим пультом керування",,,,,,,,0xFF01FE,
1373,"знаходитися біля Алтаря Найаса",,,,,,,,"знаходитися біля Алтаря Найаса",,,,,,,,0xFF01FE,
1374,"знаходитися в затишному місці",,,,,,,,"знаходитися в затишному місці",,,,,,,,0xFF01FE,
1375,"знаходитися біля Руни виклику",,,,,,,,"знаходитися біля Руни виклику",,,,,,,,0xFF01FE,
1376,"знаходитися поруч з жаровнею Скверни",,,,,,,,"знаходитися поруч з жаровнею Скверни",,,,,,,,0xFF01FE,
1377,"знаходитися в Бухті Зрадника, поки поднят стяг наг",,,,,,,,"знаходитися в Бухті Зрадника, поки поднят стяг наг",,,,,,,,0xFF01FE,
1378,"знаходитися поруч з тілом Седаи",,,,,,,,"знаходитися поруч з тілом Седаи",,,,,,,,0xFF01FE,
1379,"знаходитися біля монумента Наззивуса",,,,,,,,"знаходитися біля монумента Наззивуса",,,,,,,,0xFF01FE,
1380,"знаходитися біля кристалу з місця зіткнення",,,,,,,,"знаходитися біля кристалу з місця зіткнення",,,,,,,,0xFF01FE,
1381,"знаходитися біля зміненого кристалу Кривавої Мороку",,,,,,,,"знаходитися біля зміненого кристалу Кривавої Мороку",,,,,,,,0xFF01FE,
1382,"знаходитися біля кристалу Аксариена",,,,,,,,"знаходитися біля кристалу Аксариена",,,,,,,,0xFF01FE,
1383,"знаходитися на південному краю тераси Майстра",,,,,,,,"знаходитися на південному краю тераси Майстра",,,,,,,,0xFF01FE,
1384,"знаходитися біля телескопу Медіва",,,,,,,,"знаходитися біля телескопу Медіва",,,,,,,,0xFF01FE,
1385,"знаходитися біля незгасного полум'я каплиці Алонсія",,,,,,,,"знаходитися біля незгасного полум'я каплиці Алонсія",,,,,,,,0xFF01FE,
1386,"знаходитися біля Водопаду Кривавого Мороку",,,,,,,,"знаходитися біля Водопаду Кривавого Мороку",,,,,,,,0xFF01FE,
1387,"знаходитися біля пульта керування паровим насосом",,,,,,,,"знаходитися біля пульта керування паровим насосом",,,,,,,,0xFF01FE,
1388,"знаходитися біля хатини в селищі Тремтливогого Тростника",,,,,,,,"знаходитися біля хатини в селищі Тремтливогого Тростника",,,,,,,,0xFF01FE,
1389,"знаходитися поруч з Клеймом Землі",,,,,,,,"знаходитися поруч з Клеймом Землі",,,,,,,,0xFF01FE,
1390,"знаходитися поруч з підземними джерелами води",,,,,,,,"знаходитися поруч з підземними джерелами води",,,,,,,,0xFF01FE,
1391,"знаходитися біля підніжжя сходів руїн Бохаму",,,,,,,,"знаходитися біля підніжжя сходів руїн Бохаму",,,,,,,,0xFF01FE,
1392,"знаходитися поруч з пласким каменем Остротопи",,,,,,,,"знаходитися поруч з пласким каменем Остротопи",,,,,,,,0xFF01FE,
1393,"знаходитися біля погребального багаття Палаючого Клинка в руїнах Палаючого Клинка",,,,,,,,"знаходитися біля погребального багаття Палаючого Клинка в руїнах Палаючого Клинка",,,,,,,,0xFF01FE,
1394,"знаходитися над балконом Ісіель",,,,,,,,"знаходитися над балконом Ісіель",,,,,,,,0xFF01FE,
1395,"знаходитися біля палаючого багаття Бойового Молота",,,,,,,,"знаходитися біля палаючого багаття Бойового Молота",,,,,,,,0xFF01FE,
1396,"знаходитися біля тотема Гніздів'я Шалас",,,,,,,,"знаходитися біля тотема Гніздів'я Шалас",,,,,,,,0xFF01FE,
1397,"знаходитися біля витоптаного скелета",,,,,,,,"знаходитися біля витоптаного скелета",,,,,,,,0xFF01FE,
1398,"знаходитися біля гармати Альянсу",,,,,,,,"знаходитися біля гармати Альянсу",,,,,,,,0xFF01FE,
1399,"знаходитися біля клинкомета Орди",,,,,,,,"знаходитися біля клинкомета Орди",,,,,,,,0xFF01FE,
1400,"знаходитися біля антени Легіону",,,,,,,,"знаходитися біля антени Легіону",,,,,,,,0xFF01FE,
1401,"знаходитися біля рунного каменя Выжженной Рощи",,,,,,,,"знаходитися біля рунного каменя Выжженной Рощи",,,,,,,,0xFF01FE,
1402,"знаходитися біля книжкової шафи",,,,,,,,"знаходитися біля книжкової шафи",,,,,,,,0xFF01FE,
1403,"знаходитися біля збройової стійки",,,,,,,,"знаходитися біля збройової стійки",,,,,,,,0xFF01FE,
1404,"знаходитися поруч з гардеробом",,,,,,,,"знаходитися поруч з гардеробом",,,,,,,,0xFF01FE,
1405,"знаходитися поруч з скринею",,,,,,,,"знаходитися поруч з скринею",,,,,,,,0xFF01FE,
1406,"знаходитися біля зруйнованої облогової вежі Альянсу",,,,,,,,"знаходитися біля зруйнованої облогової вежі Альянсу",,,,,,,,0xFF01FE,
1407,"знаходитися біля некерованого утилізатора X6000",,,,,,,,"знаходитися біля некерованого утилізатора X6000",,,,,,,,0xFF01FE,
1408,"знаходитися біля Руни Кирин'Вара",,,,,,,,"знаходитися біля Руни Кирин'Вара",,,,,,,,0xFF01FE,
1409,"знаходитися біля сфери верховного мага Варгота",,,,,,,,"знаходитися біля сфери верховного мага Варгота",,,,,,,,0xFF01FE,
1410,"знаходитися біля Водопада Елрендар",,,,,,,,"знаходитися біля Водопада Елрендар",,,,,,,,0xFF01FE,
1411,"знаходитися біля драконячого скелета",,,,,,,,"знаходитися біля драконячого скелета",,,,,,,,0xFF01FE,
1412,"знаходитися в зоні майданчики астрального телепорту",,,,,,,,"знаходитися в зоні майданчики астрального телепорту",,,,,,,,0xFF01FE,
1413,"знаходитися біля жаровні Арклона",,,,,,,,"знаходитися біля жаровні Арклона",,,,,,,,0xFF01FE,
1414,"знаходитися біля Каменя Порожнечі",,,,,,,,"знаходитися біля Каменя Порожнечі",,,,,,,,0xFF01FE,
1415,"знаходитися поруч з трубою Манагорна Б'Наар",,,,,,,,"знаходитися поруч з трубою Манагорна Б'Наар",,,,,,,,0xFF01FE,
1416,"знаходитися недалеко від дренейського стягу",,,,,,,,"знаходитися недалеко від дренейського стягу",,,,,,,,0xFF01FE,
1417,"знаходитися в Колі землепряду",,,,,,,,"знаходитися в Колі землепряду",,,,,,,,0xFF01FE,
1418,"знаходитися біля напорного тунеля Салхадаара",,,,,,,,"знаходитися біля напорного тунеля Салхадаара",,,,,,,,0xFF01FE,
1419,"знаходитися біля телепортера Сокретара",,,,,,,,"знаходитися біля телепортера Сокретара",,,,,,,,0xFF01FE,
1420,"знаходитися поруч з генератором еко-сфери заповідника ""Сатерон""",,,,,,,,"знаходитися поруч з генератором еко-сфери заповідника ""Сатерон""",,,,,,,,0xFF01FE,
1421,"стояти ближче до Манагорну Ультрис",,,,,,,,"стояти ближче до Манагорну Ультрис",,,,,,,,0xFF01FE,
1422,"знаходитися на вежі Північного Молота",,,,,,,,"знаходитися на вежі Північного Молота",,,,,,,,0xFF01FE,
1423,"знаходитися біля Алтаря Тіней",,,,,,,,"знаходитися біля Алтаря Тіней",,,,,,,,0xFF01FE,
1424,"знаходитися поруч з підгорнутими бульбами Долини Примарного Місяця",,,,,,,,"знаходитися поруч з підгорнутими бульбами Долини Примарного Місяця",,,,,,,,0xFF01FE,
1425,"знаходитися біля Рокгах Живоглотки",,,,,,,,"знаходитися біля Рокгах Живоглотки",,,,,,,,0xFF01FE,
1426,"знаходитися біля прядильного станка мани",,,,,,,,"знаходитися біля прядильного станка мани",,,,,,,,0xFF01FE,
1427,"знаходитися біля древнього вівтаря дренеїв",,,,,,,,"знаходитися біля древнього вівтаря дренеїв",,,,,,,,0xFF01FE,
1428,"знаходитися біля входу в огрську будівлю",,,,,,,,"знаходитися біля входу в огрську будівлю",,,,,,,,0xFF01FE,
1429,"знаходитися в колі Араккоа Лезокраю",,,,,,,,"знаходитися в колі Араккоа Лезокраю",,,,,,,,0xFF01FE,
1430,"знаходитися біля кола заклинань Лашш",,,,,,,,"знаходитися біля кола заклинань Лашш",,,,,,,,0xFF01FE,
1431,"знаходитися в магічному колі Векх'ниров",,,,,,,,"знаходитися в магічному колі Векх'ниров",,,,,,,,0xFF01FE,
1432,"бути в кінці мосту",,,,,,,,"бути в кінці мосту",,,,,,,,0xFF01FE,
1433,"знаходитися поруч з Загибеллю Торгоса",,,,,,,,"знаходитися поруч з Загибеллю Торгоса",,,,,,,,0xFF01FE,
1434,"знаходитися в колі заклинань Векх'ниров",,,,,,,,"знаходитися в колі заклинань Векх'ниров",,,,,,,,0xFF01FE,
1435,"стояти поруч з Гул'даном біля Алтаря Прокляття",,,,,,,,"стояти поруч з Гул'даном біля Алтаря Прокляття",,,,,,,,0xFF01FE,
1436,"знаходитися біля телепорта форта Легіону",,,,,,,,"знаходитися біля телепорта форта Легіону",,,,,,,,0xFF01FE,
1437,"увійти в коло оракула Рууан'ока",,,,,,,,"увійти в коло оракула Рууан'ока",,,,,,,,0xFF01FE,
1438,"знаходитися біля перемовного пристрою Легіону",,,,,,,,"знаходитися біля перемовного пристрою Легіону",,,,,,,,0xFF01FE,
1439,"знаходитися біля штейгера Разлкраза",,,,,,,,"знаходитися біля штейгера Разлкраза",,,,,,,,0xFF01FE,
1440,"знаходитися біля портала на озері Болотяних Вогників",,,,,,,,"знаходитися біля портала на озері Болотяних Вогників",,,,,,,,0xFF01FE,
1441,"Лезокрайські Гори - місія - спостереження за птахами",,,,,,,,"Лезокрайські Гори - місія - спостереження за птахами",,,,,,,,0xFF01FE,
1442,"знаходитися близько свічок Малуказа",,,,,,,,"знаходитися близько свічок Малуказа",,,,,,,,0xFF01FE,
1443,"знаходитися поруч з Кузнею Кривавої Очниці",,,,,,,,"знаходитися поруч з Кузнею Кривавої Очниці",,,,,,,,0xFF01FE,
1444,"знаходитися поруч з норою бабака",,,,,,,,"знаходитися поруч з норою бабака",,,,,,,,0xFF01FE,
1445,"знаходитися біля телепорту Геенни",,,,,,,,"знаходитися біля телепорту Геенни",,,,,,,,0xFF01FE,
1446,"знаходитися біля трупу командира з'єднання Горакса",,,,,,,,"знаходитися біля трупу командира з'єднання Горакса",,,,,,,,0xFF01FE,
1447,"знаходитися поруч з Башнею Зет'Гора",,,,,,,,"знаходитися поруч з Башнею Зет'Гора",,,,,,,,0xFF01FE,
1448,"знаходитися без охорони біля місця виклику",,,,,,,,"знаходитися без охорони біля місця виклику",,,,,,,,0xFF01FE,
1449,"знаходитися біля замкненої клітини виверни",,,,,,,,"знаходитися біля замкненої клітини виверни",,,,,,,,0xFF01FE,
1450,"знаходитися поруч з тілом Горгрома",,,,,,,,"знаходитися поруч з тілом Горгрома",,,,,,,,0xFF01FE,
1451,"знаходитися біля гармати Скверни Дверей Смерті",,,,,,,,"знаходитися біля гармати Скверни Дверей Смерті",,,,,,,,0xFF01FE,
1452,"знаходитися поруч з Перекопаним курганом: Коло Призову",,,,,,,,"знаходитися поруч з Перекопаним курганом: Коло Призову",,,,,,,,0xFF01FE,
1453,"знаходитися поруч з Алтарем Гока, і щоб Гок ще не був призваний",,,,,,,,"знаходитися поруч з Алтарем Гока, і щоб Гок ще не був призваний",,,,,,,,0xFF01FE,
1454,"знаходитися в Кігтях Ворона",,,,,,,,"знаходитися в Кігтях Ворона",,,,,,,,0xFF01FE,
1455,"знаходитися в Святилищі араккоа",,,,,,,,"знаходитися в Святилищі араккоа",,,,,,,,0xFF01FE,
1456,"наблизитися до алтарю Руйнівника Душ",,,,,,,,"наблизитися до алтарю Руйнівника Душ",,,,,,,,0xFF01FE,
1457,"знаходитися на платформі Транспортера Шартуула",,,,,,,,"знаходитися на платформі Транспортера Шартуула",,,,,,,,0xFF01FE,
1458,"знаходитися біля обломків кораблетрощі",,,,,,,,"знаходитися біля обломків кораблетрощі",,,,,,,,0xFF01FE,
1459,"знаходитися біля вітряного млина села Чорне Копито",,,,,,,,"знаходитися біля вітряного млина села Чорне Копито",,,,,,,,0xFF01FE,
1460,"знаходитися біля палатки Зловіщого Тотема",,,,,,,,"знаходитися біля палатки Зловіщого Тотема",,,,,,,,0xFF01FE,
1461,"підійти до пам'ятника сім'ї Хьяль",,,,,,,,"підійти до пам'ятника сім'ї Хьяль",,,,,,,,0xFF01FE,
1462,"знаходитися біля палаючої хатини тролів",,,,,,,,"знаходитися біля палаючої хатини тролів",,,,,,,,0xFF01FE,
1463,"знаходитися біля входу в Лігво Оніксії",,,,,,,,"знаходитися біля входу в Лігво Оніксії",,,,,,,,0xFF01FE,
1464,"знаходитися на пристані варти ""Болотний вогник""",,,,,,,,"знаходитися на пристані варти ""Болотний вогник""",,,,,,,,0xFF01FE,
1465,"знаходитися на платформі закликача змій",,,,,,,,"знаходитися на платформі закликача змій",,,,,,,,0xFF01FE,
1466,"знаходитися біля гармати на Розбитому узбережжі",,,,,,,,"знаходитися біля гармати на Розбитому узбережжі",,,,,,,,0xFF01FE,
1467,"знаходитися біля гармати на північній стіні Альянсу",,,,,,,,"знаходитися біля гармати на північній стіні Альянсу",,,,,,,,0xFF01FE,
1468,"знаходитися біля погребального багаття тана",,,,,,,,"знаходитися біля погребального багаття тана",,,,,,,,0xFF01FE,
1469,"знаходитися поруч з Застиглим водоспадом",,,,,,,,"знаходитися поруч з Застиглим водоспадом",,,,,,,,0xFF01FE,
1470,"наблизитися до кліток з чумними псами в Таборі Відплати",,,,,,,,"наблизитися до кліток з чумними псами в Таборі Відплати",,,,,,,,0xFF01FE,
1471,"стояти за прилавком",,,,,,,,"стояти за прилавком",,,,,,,,0xFF01FE,
1472,"знаходитися поруч з котлом крові врайкулів",,,,,,,,"знаходитися поруч з котлом крові врайкулів",,,,,,,,0xFF01FE,
1473,"знаходитися поруч з зразками чуми Харриса",,,,,,,,"знаходитися поруч з зразками чуми Харриса",,,,,,,,0xFF01FE,
1474,"знаходитися біля кліток з чумними псами",,,,,,,,"знаходитися біля кліток з чумними псами",,,,,,,,0xFF01FE,
1475,"знаходитися біля розколотої скрижалі",,,,,,,,"знаходитися біля розколотої скрижалі",,,,,,,,0xFF01FE,
1476,"знаходитися біля затонулого човна",,,,,,,,"знаходитися біля затонулого човна",,,,,,,,0xFF01FE,
1477,"знаходитися в центрі Гибльхейма",,,,,,,,"знаходитися в центрі Гибльхейма",,,,,,,,0xFF01FE,
1478,"Хмільний фестиваль - заказ однієї кружки",,,,,,,,"Хмільний фестиваль - заказ однієї кружки",,,,,,,,0xFF01FE,
1479,"знаходитися біля руни переміщення Уолта",,,,,,,,"знаходитися біля руни переміщення Уолта",,,,,,,,0xFF01FE,
1480,"знаходитися біля руни переміщення залізних дворфів",,,,,,,,"знаходитися біля руни переміщення залізних дворфів",,,,,,,,0xFF01FE,
1481,"знаходитися біля силових линий Кель'Данаса",,,,,,,,"знаходитися біля силових линий Кель'Данаса",,,,,,,,0xFF01FE,
1482,"знаходитися біля земляного насипу Гострого Шипа",,,,,,,,"знаходитися біля земляного насипу Гострого Шипа",,,,,,,,0xFF01FE,
1483,"знаходитися поруч з кристалом-хранителем",,,,,,,,"знаходитися поруч з кристалом-хранителем",,,,,,,,0xFF01FE,
1484,"знаходитися поруч з Телепортом Легіону",,,,,,,,"знаходитися поруч з Телепортом Легіону",,,,,,,,0xFF01FE,
1485,"знаходитися біля наковальни Хаутаа",,,,,,,,"знаходитися біля наковальни Хаутаа",,,,,,,,0xFF01FE,
1486,"знаходитися на врайкульському могильному пагорбі",,,,,,,,"знаходитися на врайкульському могильному пагорбі",,,,,,,,0xFF01FE,
1487,"знаходитися поруч з сейсмічною аномалією Західної розщелини",,,,,,,,"знаходитися поруч з сейсмічною аномалією Західної розщелини",,,,,,,,0xFF01FE,
1488,"знаходитися поруч з JSB - пунктом повторного використання 2.4.0",,,,,,,,"знаходитися поруч з JSB - пунктом повторного використання 2.4.0",,,,,,,,0xFF01FE,
1489,"знаходитися поруч з неруб'арскою воронкою",,,,,,,,"знаходитися поруч з неруб'арскою воронкою",,,,,,,,0xFF01FE,
1490,"знаходитися біля тотема Рычеклык",,,,,,,,"знаходитися біля тотема Рычеклык",,,,,,,,0xFF01FE,
1491,"знаходитися поруч з котлом Ен'кила",,,,,,,,"знаходитися поруч з котлом Ен'кила",,,,,,,,0xFF01FE,
1492,"знаходитися поруч з носом корабля Квалдира",,,,,,,,"знаходитися поруч з носом корабля Квалдира",,,,,,,,0xFF01FE,
1493,"знаходитися в кінці пристани Пісні Війни",,,,,,,,"знаходитися в кінці пристани Пісні Війни",,,,,,,,0xFF01FE,
1494,"знаходитися поруч з закутим бериловим чаклуном",,,,,,,,"знаходитися поруч з закутим бериловим чаклуном",,,,,,,,0xFF01FE,
1495,"знаходитися біля берилового силового щита",,,,,,,,"знаходитися біля берилового силового щита",,,,,,,,0xFF01FE,
1496,"знаходитися в Кельях Смерті біля чумного котла",,,,,,,,"знаходитися в Кельях Смерті біля чумного котла",,,,,,,,0xFF01FE,
1497,"знаходитися біля Південної Воронки",,,,,,,,"знаходитися біля Південної Воронки",,,,,,,,0xFF01FE,
1498,"знаходитися на перехресті на схід від фортеці Пісні Війни з полоненим дезертиром з Альянсу",,,,,,,,"знаходитися на перехресті на схід від фортеці Пісні Війни з полоненим дезертиром з Альянсу",,,,,,,,0xFF01FE,
1499,"знаходитися перед чарівницею крові Лаурит на Рівнинах Кривавих Спор",,,,,,,,"знаходитися перед чарівницею крові Лаурит на Рівнинах Кривавих Спор",,,,,,,,0xFF01FE,
1500,"знаходитися поруч з Порталом Розколотого Сонця",,,,,,,,"знаходитися поруч з Порталом Розколотого Сонця",,,,,,,,0xFF01FE,
1501,"знаходитися біля Портала Розколотого Сонця",,,,,,,,"знаходитися біля Портала Розколотого Сонця",,,,,,,,0xFF01FE,
1502,"знаходитися поруч з вітрольотом, що розбився",,,,,,,,"знаходитися поруч з вітрольотом, що розбився",,,,,,,,0xFF01FE,
1503,"знаходитися біля паровой вентиляции на полі гейзерів",,,,,,,,"знаходитися біля паровой вентиляции на полі гейзерів",,,,,,,,0xFF01FE,
1504,"знаходитися поруч з просторовим розломом Нексуса",,,,,,,,"знаходитися поруч з просторовим розломом Нексуса",,,,,,,,0xFF01FE,
1505,"знаходитися поруч з зерном Далечча",,,,,,,,"знаходитися поруч з зерном Далечча",,,,,,,,0xFF01FE,
1506,"знаходитися в таборі Сарагоси",,,,,,,,"знаходитися в таборі Сарагоси",,,,,,,,0xFF01FE,
1507,"знаходитися біля воронки Бича",,,,,,,,"знаходитися біля воронки Бича",,,,,,,,0xFF01FE,
1508,"знаходитися біля північно-західного входу в Нексус",,,,,,,,"знаходитися біля північно-західного входу в Нексус",,,,,,,,0xFF01FE,
1509,"знаходитися поруч з жаровнею Дракуру",,,,,,,,"знаходитися поруч з жаровнею Дракуру",,,,,,,,0xFF01FE,
1510,"знаходитися в східному кінці тормоданського тунеля",,,,,,,,"знаходитися в східному кінці тормоданського тунеля",,,,,,,,0xFF01FE,
1511,"знаходитися поруч з риболовным гачком Туа'кеа",,,,,,,,"знаходитися поруч з риболовным гачком Туа'кеа",,,,,,,,0xFF01FE,
1512,"знаходитися поруч з світильником Тоалу'у",,,,,,,,"знаходитися поруч з світильником Тоалу'у",,,,,,,,0xFF01FE,
1513,"знаходитися на тренувальному полігоні Викрутеня для парашутистів",,,,,,,,"знаходитися на тренувальному полігоні Викрутеня для парашутистів",,,,,,,,0xFF01FE,
1514,"знаходитися біля телепортатора парашутиста з станції Викрутеня",,,,,,,,"знаходитися біля телепортатора парашутиста з станції Викрутеня",,,,,,,,0xFF01FE,
1515,"знаходитися у точці зосередження силових ліній на пляжі",,,,,,,,"знаходитися у точці зосередження силових ліній на пляжі",,,,,,,,0xFF01FE,
1516,"знаходитися у точці зосередження силових ліній в Лоталорском редколесье",,,,,,,,"знаходитися у точці зосередження силових ліній в Лоталорском редколесье",,,,,,,,0xFF01FE,
1517,"знаходитися у точці зосередження силових ліній під озером",,,,,,,,"знаходитися у точці зосередження силових ліній під озером",,,,,,,,0xFF01FE,
1518,"знаходитися біля гонгов Дракіл'джин",,,,,,,,"знаходитися біля гонгов Дракіл'джин",,,,,,,,0xFF01FE,
1519,"знаходитися біля відміченого дерева Морозної Висі",,,,,,,,"знаходитися біля відміченого дерева Морозної Висі",,,,,,,,0xFF01FE,
1520,"знаходитися в центрі ями під хвилеловами",,,,,,,,"знаходитися в центрі ями під хвилеловами",,,,,,,,0xFF01FE,
1521,"знаходитися в недрах під рештками Фордрассилу",,,,,,,,"знаходитися в недрах під рештками Фордрассилу",,,,,,,,0xFF01FE,
1522,"знаходитися в недрах під Гілками Фордрассилу",,,,,,,,"знаходитися в недрах під Гілками Фордрассилу",,,,,,,,0xFF01FE,
1523,"знаходитися в недрах під Сльозами Фордрассилу",,,,,,,,"знаходитися в недрах під Сльозами Фордрассилу",,,,,,,,0xFF01FE,
1524,"знаходитися поруч з Ханзелом Бауером",,,,,,,,"знаходитися поруч з Ханзелом Бауером",,,,,,,,0xFF01FE,
1525,"знаходитися в зоні виклику Грім'тара",,,,,,,,"знаходитися в зоні виклику Грім'тара",,,,,,,,0xFF01FE,
1526,"знаходитися на Грифонной станції Фортеці Вартових Зими",,,,,,,,"знаходитися на Грифонной станції Фортеці Вартових Зими",,,,,,,,0xFF01FE,
1527,"знаходитися на лесопилке Нового Дольного Очага",,,,,,,,"знаходитися на лесопилке Нового Дольного Очага",,,,,,,,0xFF01FE,
1528,"знаходитися поруч з саженцем Фордрассилу",,,,,,,,"знаходитися поруч з саженцем Фордрассилу",,,,,,,,0xFF01FE,
1529,"знаходитися в таборі",,,,,,,,"знаходитися в таборі",,,,,,,,0xFF01FE,
1530,"знаходитися поруч з виходом з Обсідіанового святилища драконів",,,,,,,,"знаходитися поруч з виходом з Обсідіанового святилища драконів",,,,,,,,0xFF01FE,
1531,"знаходитися перед облоговим інженером Напівспихом",,,,,,,,"знаходитися перед облоговим інженером Напівспихом",,,,,,,,0xFF01FE,
1532,"знаходитися біля некромантской руни",,,,,,,,"знаходитися біля некромантской руни",,,,,,,,0xFF01FE,
1533,"знаходитися перед входом до шахти Фортеці Вартових Зими",,,,,,,,"знаходитися перед входом до шахти Фортеці Вартових Зими",,,,,,,,0xFF01FE,
1534,"знаходитися поруч з косяком північного лосося",,,,,,,,"знаходитися поруч з косяком північного лосося",,,,,,,,0xFF01FE,
1535,"знаходитися в центрі руїн на забутому узбережжі",,,,,,,,"знаходитися в центрі руїн на забутому узбережжі",,,,,,,,0xFF01FE,
1536,"знаходитися перед мавзолеем Фортеці Вартових Зими",,,,,,,,"знаходитися перед мавзолеем Фортеці Вартових Зими",,,,,,,,0xFF01FE,
1537,"знаходитися поруч з кришталевою сферою Рууни",,,,,,,,"знаходитися поруч з кришталевою сферою Рууни",,,,,,,,0xFF01FE,
1538,"знаходитися біля зброєносця Перси",,,,,,,,"знаходитися біля зброєносця Перси",,,,,,,,0xFF01FE,
1539,"знаходитися поруч з Алистросом Хранителем Малахитора",,,,,,,,"знаходитися поруч з Алистросом Хранителем Малахитора",,,,,,,,0xFF01FE,
1540,"знаходитися біля вівтаря Льодяної Скорботи",,,,,,,,"знаходитися біля вівтаря Льодяної Скорботи",,,,,,,,0xFF01FE,
1541,"знаходитися в пісках поруч із святилищем бронзових драконів",,,,,,,,"знаходитися в пісках поруч із святилищем бронзових драконів",,,,,,,,0xFF01FE,
1542,"знаходитися поруч з яструбиним сідалом врайкулів",,,,,,,,"знаходитися поруч з яструбиним сідалом врайкулів",,,,,,,,0xFF01FE,
1543,"знаходитися поруч з багаттям з осквернених Бичом мумий",,,,,,,,"знаходитися поруч з багаттям з осквернених Бичом мумий",,,,,,,,0xFF01FE,
1544,"знаходитися біля ритуальной статуї Драккари",,,,,,,,"знаходитися біля ритуальной статуї Драккари",,,,,,,,0xFF01FE,
1545,"знаходитися поруч з котлом Финкельштейна",,,,,,,,"знаходитися поруч з котлом Финкельштейна",,,,,,,,0xFF01FE,
1546,"знаходитися в навітряному святилищі Шепота Тумана",,,,,,,,"знаходитися в навітряному святилищі Шепота Тумана",,,,,,,,0xFF01FE,
1547,"знаходитися поруч з Жертовною чашею",,,,,,,,"знаходитися поруч з Жертовною чашею",,,,,,,,0xFF01FE,
1548,"знаходитися біля постаменту Драккари",,,,,,,,"знаходитися біля постаменту Драккари",,,,,,,,0xFF01FE,
1549,"знаходитися біля впавшого ствола",,,,,,,,"знаходитися біля впавшого ствола",,,,,,,,0xFF01FE,
1550,"знаходитися біля кургана древніх",,,,,,,,"знаходитися біля кургана древніх",,,,,,,,0xFF01FE,
1551,"знаходитися біля виходу нерубского тунеля",,,,,,,,"знаходитися біля виходу нерубского тунеля",,,,,,,,0xFF01FE,
1552,"знаходитися біля кузні рун",,,,,,,,"знаходитися біля кузні рун",,,,,,,,0xFF01FE,
1553,"знаходитися на посадковому майданчику",,,,,,,,"знаходитися на посадковому майданчику",,,,,,,,0xFF01FE,
1554,"знаходитися біля возика Бича",,,,,,,,"знаходитися біля возика Бича",,,,,,,,0xFF01FE,
1555,"знаходитися біля трупу Кетц'лун; пророк Кетц'лун повинен бути поруч і не брати участь в битві",,,,,,,,"знаходитися біля трупу Кетц'лун; пророк Кетц'лун повинен бути поруч і не брати участь в битві",,,,,,,,0xFF01FE,
1556,"наблизитися до алтаря Картака",,,,,,,,"наблизитися до алтаря Картака",,,,,,,,0xFF01FE,
1557,"знаходитися поруч з великим каменем блискавки",,,,,,,,"знаходитися поруч з великим каменем блискавки",,,,,,,,0xFF01FE,
1558,"знаходитися поруч з полководцем Зол'Маза, який не бере участі в битві",,,,,,,,"знаходитися поруч з полководцем Зол'Маза, який не бере участі в битві",,,,,,,,0xFF01FE,
1559,"знаходитися на вершині Колони Сонячного Благословення",,,,,,,,"знаходитися на вершині Колони Сонячного Благословення",,,,,,,,0xFF01FE,
1560,"здійснювати виклик в колі виклику",,,,,,,,"здійснювати виклик в колі виклику",,,,,,,,0xFF01FE,
1561,"знаходитися біля вологої родючої землі",,,,,,,,"знаходитися біля вологої родючої землі",,,,,,,,0xFF01FE,
1562,"знаходитися на вершині колони Шолазар",,,,,,,,"знаходитися на вершині колони Шолазар",,,,,,,,0xFF01FE,
1563,"знаходитися на вершині Мерехтливої колони",,,,,,,,"знаходитися на вершині Мерехтливої колони",,,,,,,,0xFF01FE,
1564,"знаходитися біля кристалу з Колони Життєвої Сили",,,,,,,,"знаходитися біля кристалу з Колони Життєвої Сили",,,,,,,,0xFF01FE,
1565,"знаходитися поруч з Узо Закликачем Смерті",,,,,,,,"знаходитися поруч з Узо Закликачем Смерті",,,,,,,,0xFF01FE,
1566,"знаходитися вдалині від трупів архиєпископа Ландгрена і лорда-коммандера Арете",,,,,,,,"знаходитися вдалині від трупів архиєпископа Ландгрена і лорда-коммандера Арете",,,,,,,,0xFF01FE,
1567,"знаходитися поруч з косяком смачної рифової риби",,,,,,,,"знаходитися поруч з косяком смачної рифової риби",,,,,,,,0xFF01FE,
1568,"знаходитися в залі воскресіння магмазміїв",,,,,,,,"знаходитися в залі воскресіння магмазміїв",,,,,,,,0xFF01FE,
1569,"знаходитися біля вівтаря Хладонутра",,,,,,,,"знаходитися біля вівтаря Хладонутра",,,,,,,,0xFF01FE,
1570,"знаходитися біля телепортера Гарма",,,,,,,,"знаходитися біля телепортера Гарма",,,,,,,,0xFF01FE,
1571,"знаходитися поруч з сидячим таном Уфангом Могутнім",,,,,,,,"знаходитися поруч з сидячим таном Уфангом Могутнім",,,,,,,,0xFF01FE,
1572,"знаходитися біля вістря крижаного шипа",,,,,,,,"знаходитися біля вістря крижаного шипа",,,,,,,,0xFF01FE,
1573,"знаходитися в Крижаному кратері",,,,,,,,"знаходитися в Крижаному кратері",,,,,,,,0xFF01FE,
1574,"знаходитися в шпиталі Оплота",,,,,,,,"знаходитися в шпиталі Оплота",,,,,,,,0xFF01FE,
1575,"знаходитися біля замету",,,,,,,,"знаходитися біля замету",,,,,,,,0xFF01FE,
1576,"знаходитися поруч з гніздом праматері",,,,,,,,"знаходитися поруч з гніздом праматері",,,,,,,,0xFF01FE,
1577,"знаходитися в таборі К-3",,,,,,,,"знаходитися в таборі К-3",,,,,,,,0xFF01FE,
1578,"знаходитися поруч з таном Іллскаром, і щоб він з захисниками не брав участі в битві",,,,,,,,"знаходитися поруч з таном Іллскаром, і щоб він з захисниками не брав участі в битві",,,,,,,,0xFF01FE,
1579,"знаходитися біля груди лицарських черепів",,,,,,,,"знаходитися біля груди лицарських черепів",,,,,,,,0xFF01FE,
1580,"знаходитися біля кузні Малікрісса",,,,,,,,"знаходитися біля кузні Малікрісса",,,,,,,,0xFF01FE,
1581,"знаходитися поруч з світильником Ан'кахета",,,,,,,,"знаходитися поруч з світильником Ан'кахета",,,,,,,,0xFF01FE,
1582,"знаходитися біля Плити Святилища Реанімації",,,,,,,,"знаходитися біля Плити Святилища Реанімації",,,,,,,,0xFF01FE,
1583,"знаходитися поруч з фонтаном Даларану",,,,,,,,"знаходитися поруч з фонтаном Даларану",,,,,,,,0xFF01FE,
1584,"знаходитися поруч з горою черепів на вершині Імірхейма",,,,,,,,"знаходитися поруч з горою черепів на вершині Імірхейма",,,,,,,,0xFF01FE,
1585,"знаходитися поруч з чумним котлом Морд'ретара",,,,,,,,"знаходитися поруч з чумним котлом Морд'ретара",,,,,,,,0xFF01FE,
1586,"знаходитися поруч з сферою Грімкора",,,,,,,,"знаходитися поруч з сферою Грімкора",,,,,,,,0xFF01FE,
1587,"знаходитися поруч з котлом служителів культу",,,,,,,,"знаходитися поруч з котлом служителів культу",,,,,,,,0xFF01FE,
1588,"знаходитися поруч з каменем душі Алумета",,,,,,,,"знаходитися поруч з каменем душі Алумета",,,,,,,,0xFF01FE,
1589,"стояти поруч з словником Сили",,,,,,,,"стояти поруч з словником Сили",,,,,,,,0xFF01FE,
1590,"знаходитися поруч з димлячим уламком",,,,,,,,"знаходитися поруч з димлячим уламком",,,,,,,,0xFF01FE,
1591,"знаходитися поруч з вівтарем чорних глибин",,,,,,,,"знаходитися поруч з вівтарем чорних глибин",,,,,,,,0xFF01FE,
1592,"знаходитися поруч з трупом полеглого ворга",,,,,,,,"знаходитися поруч з трупом полеглого ворга",,,,,,,,0xFF01FE,
1596,"знаходитися поруч з незапаленим сигнальним вогнем",,,,,,,,"знаходитися поруч з незапаленим сигнальним вогнем",,,,,,,,0xFF01FE,
1597,"знаходитися в колі приношень Драк'Мара",,,,,,,,"знаходитися в колі приношень Драк'Мара",,,,,,,,0xFF01FE,
1599,"знаходитися в турнірних стійлах",,,,,,,,"знаходитися в турнірних стійлах",,,,,,,,0xFF01FE,
1601,"знаходитися біля грифона Чорного лицаря",,,,,,,,"знаходитися біля грифона Чорного лицаря",,,,,,,,0xFF01FE,
1602,"знаходитися біля обломка кам'яної стіни",,,,,,,,"знаходитися біля обломка кам'яної стіни",,,,,,,,0xFF01FE,
1613,"знаходитися поруч з примарним вогнищем",,,,,,,,"знаходитися поруч з примарним вогнищем",,,,,,,,0xFF01FE,
1618,"знаходитися біля загадкового замету",,,,,,,,"знаходитися біля загадкового замету",,,,,,,,0xFF01FE,
1620,"знаходитися в печері Закликателя туманів",,,,,,,,"знаходитися в печері Закликателя туманів",,,,,,,,0xFF01FE,
1621,"знаходитися біля пам'ятників туаліку",,,,,,,,"знаходитися біля пам'ятників туаліку",,,,,,,,0xFF01FE,
1622,"знаходитися на палубі ""Люті Бора""",,,,,,,,"знаходитися на палубі ""Люті Бора""",,,,,,,,0xFF01FE,
1636,"знаходитися поруч з ковадлом начальника кузні",,,,,,,,"знаходитися поруч з ковадлом начальника кузні",,,,,,,,0xFF01FE,
1639,"знаходитися поруч з складом товарів хімічної компанії",,,,,,,,"знаходитися поруч з складом товарів хімічної компанії",,,,,,,,0xFF01FE,
1641,"знаходитися біля Сонячного Колодязя",,,,,,,,"знаходитися біля Сонячного Колодязя",,,,,,,,0xFF01FE,
1650,"знаходитися біля возика з хімікатами",,,,,,,,"знаходитися біля возика з хімікатами",,,,,,,,0xFF01FE,
